[
  {
    "model": "wagtail_feathers.category",
    "pk": 1,
    "fields": {
      "path": "0001",
      "depth": 1,
      "numchild": 4,
      "name": "_root_category",
      "slug": "_root_category",
      "icon": "",
      "live": false,
      "aliases": "",
      "order_index": 0
    }
  },
  {
    "model": "wagtail_feathers.category",
    "pk": 2,
    "fields": {
      "path": "00010001",
      "depth": 2,
      "numchild": 3,
      "name": "Technology",
      "slug": "technology",
      "icon": "heroicons-cpu-chip-outline",
      "live": true,
      "aliases": "Tech, IT, Computing",
      "order_index": 1
    }
  },
  {
    "model": "wagtail_feathers.category",
    "pk": 3,
    "fields": {
      "path": "000100010001",
      "depth": 3,
      "numchild": 0,
      "name": "Artificial Intelligence",
      "slug": "artificial-intelligence",
      "icon": "heroicons-beaker-outline",
      "live": true,
      "aliases": "AI, Machine Learning, ML",
      "order_index": 1
    }
  },
  {
    "model": "wagtail_feathers.category",
    "pk": 4,
    "fields": {
      "path": "000100010002",
      "depth": 3,
      "numchild": 0,
      "name": "Web Development",
      "slug": "web-development",
      "icon": "heroicons-code-bracket-outline",
      "live": true,
      "aliases": "Frontend, Backend, Full Stack",
      "order_index": 2
    }
  },
  {
    "model": "wagtail_feathers.category",
    "pk": 5,
    "fields": {
      "path": "000100010003",
      "depth": 3,
      "numchild": 0,
      "name": "Data Science",
      "slug": "data-science",
      "icon": "heroicons-chart-bar-outline",
      "live": true,
      "aliases": "Analytics, Big Data, Statistics",
      "order_index": 3
    }
  },
  {
    "model": "wagtail_feathers.category",
    "pk": 6,
    "fields": {
      "path": "00010002",
      "depth": 2,
      "numchild": 2,
      "name": "Business",
      "slug": "business",
      "icon": "heroicons-building-office-outline",
      "live": true,
      "aliases": "Finance, Marketing, Strategy",
      "order_index": 2
    }
  },
  {
    "model": "wagtail_feathers.category",
    "pk": 7,
    "fields": {
      "path": "000100020001",
      "depth": 3,
      "numchild": 0,
      "name": "Digital Marketing",
      "slug": "digital-marketing",
      "icon": "heroicons-megaphone-outline",
      "live": true,
      "aliases": "SEO, SEM, Social Media",
      "order_index": 1
    }
  },
  {
    "model": "wagtail_feathers.category",
    "pk": 8,
    "fields": {
      "path": "000100020002",
      "depth": 3,
      "numchild": 0,
      "name": "Financial Planning",
      "slug": "financial-planning",
      "icon": "heroicons-currency-dollar-outline",
      "live": true,
      "aliases": "Budgeting, Investment, Retirement",
      "order_index": 2
    }
  },
  {
    "model": "wagtail_feathers.category",
    "pk": 9,
    "fields": {
      "path": "00010003",
      "depth": 2,
      "numchild": 2,
      "name": "Science",
      "slug": "science",
      "icon": "heroicons-beaker-outline",
      "live": true,
      "aliases": "Research, Academia, Discovery",
      "order_index": 3
    }
  },
  {
    "model": "wagtail_feathers.category",
    "pk": 10,
    "fields": {
      "path": "000100030001",
      "depth": 3,
      "numchild": 0,
      "name": "Physics",
      "slug": "physics",
      "icon": "heroicons-light-bulb-outline",
      "live": true,
      "aliases": "Quantum, Mechanics, Theory",
      "order_index": 1
    }
  },
  {
    "model": "wagtail_feathers.category",
    "pk": 11,
    "fields": {
      "path": "000100030002",
      "depth": 3,
      "numchild": 0,
      "name": "Biology",
      "slug": "biology",
      "icon": "heroicons-heart-outline",
      "live": true,
      "aliases": "Life Sciences, Genetics, Ecology",
      "order_index": 2
    }
  },
  {
    "model": "wagtail_feathers.category",
    "pk": 12,
    "fields": {
      "path": "00010004",
      "depth": 2,
      "numchild": 0,
      "name": "Arts & Culture",
      "slug": "arts-culture",
      "icon": "heroicons-paint-brush-outline",
      "live": true,
      "aliases": "Creative, Design, Literature",
      "order_index": 4
    }
  },
  {
    "model": "wagtail_feathers.classifiergroup",
    "pk": 1,
    "fields": {
      "type": "Subject",
      "name": "Content Topics"
    }
  },
  {
    "model": "wagtail_feathers.classifiergroup",
    "pk": 2,
    "fields": {
      "type": "Subject",
      "name": "Academic Disciplines"
    }
  },
  {
    "model": "wagtail_feathers.classifiergroup",
    "pk": 3,
    "fields": {
      "type": "Attribute",
      "name": "Content Difficulty"
    }
  },
  {
    "model": "wagtail_feathers.classifiergroup",
    "pk": 4,
    "fields": {
      "type": "Attribute",
      "name": "Content Format"
    }
  },
  {
    "model": "wagtail_feathers.classifiergroup",
    "pk": 5,
    "fields": {
      "type": "Attribute",
      "name": "Target Audience"
    }
  },
  {
    "model": "wagtail_feathers.classifier",
    "pk": 1,
    "fields": {
      "group": 1,
      "name": "Software Development",
      "slug": "software-development",
      "sort_order": 1
    }
  },
  {
    "model": "wagtail_feathers.classifier",
    "pk": 2,
    "fields": {
      "group": 1,
      "name": "Machine Learning",
      "slug": "machine-learning",
      "sort_order": 2
    }
  },
  {
    "model": "wagtail_feathers.classifier",
    "pk": 3,
    "fields": {
      "group": 1,
      "name": "Cybersecurity",
      "slug": "cybersecurity",
      "sort_order": 3
    }
  },
  {
    "model": "wagtail_feathers.classifier",
    "pk": 4,
    "fields": {
      "group": 1,
      "name": "Cloud Computing",
      "slug": "cloud-computing",
      "sort_order": 4
    }
  },
  {
    "model": "wagtail_feathers.classifier",
    "pk": 5,
    "fields": {
      "group": 1,
      "name": "DevOps",
      "slug": "devops",
      "sort_order": 5
    }
  },
  {
    "model": "wagtail_feathers.classifier",
    "pk": 6,
    "fields": {
      "group": 2,
      "name": "Computer Science",
      "slug": "computer-science",
      "sort_order": 1
    }
  },
  {
    "model": "wagtail_feathers.classifier",
    "pk": 7,
    "fields": {
      "group": 2,
      "name": "Mathematics",
      "slug": "mathematics",
      "sort_order": 2
    }
  },
  {
    "model": "wagtail_feathers.classifier",
    "pk": 8,
    "fields": {
      "group": 2,
      "name": "Physics",
      "slug": "physics",
      "sort_order": 3
    }
  },
  {
    "model": "wagtail_feathers.classifier",
    "pk": 9,
    "fields": {
      "group": 2,
      "name": "Engineering",
      "slug": "engineering",
      "sort_order": 4
    }
  },
  {
    "model": "wagtail_feathers.classifier",
    "pk": 10,
    "fields": {
      "group": 2,
      "name": "Economics",
      "slug": "economics",
      "sort_order": 5
    }
  },
  {
    "model": "wagtail_feathers.classifier",
    "pk": 11,
    "fields": {
      "group": 3,
      "name": "Beginner",
      "slug": "beginner",
      "sort_order": 1
    }
  },
  {
    "model": "wagtail_feathers.classifier",
    "pk": 12,
    "fields": {
      "group": 3,
      "name": "Intermediate",
      "slug": "intermediate",
      "sort_order": 2
    }
  },
  {
    "model": "wagtail_feathers.classifier",
    "pk": 13,
    "fields": {
      "group": 3,
      "name": "Advanced",
      "slug": "advanced",
      "sort_order": 3
    }
  },
  {
    "model": "wagtail_feathers.classifier",
    "pk": 14,
    "fields": {
      "group": 3,
      "name": "Expert",
      "slug": "expert",
      "sort_order": 4
    }
  },
  {
    "model": "wagtail_feathers.classifier",
    "pk": 15,
    "fields": {
      "group": 4,
      "name": "Tutorial",
      "slug": "tutorial",
      "sort_order": 1
    }
  },
  {
    "model": "wagtail_feathers.classifier",
    "pk": 16,
    "fields": {
      "group": 4,
      "name": "Article",
      "slug": "article",
      "sort_order": 2
    }
  },
  {
    "model": "wagtail_feathers.classifier",
    "pk": 17,
    "fields": {
      "group": 4,
      "name": "Guide",
      "slug": "guide",
      "sort_order": 3
    }
  },
  {
    "model": "wagtail_feathers.classifier",
    "pk": 18,
    "fields": {
      "group": 4,
      "name": "Reference",
      "slug": "reference",
      "sort_order": 4
    }
  },
  {
    "model": "wagtail_feathers.classifier",
    "pk": 19,
    "fields": {
      "group": 4,
      "name": "Case Study",
      "slug": "case-study",
      "sort_order": 5
    }
  },
  {
    "model": "wagtail_feathers.classifier",
    "pk": 20,
    "fields": {
      "group": 5,
      "name": "Students",
      "slug": "students",
      "sort_order": 1
    }
  },
  {
    "model": "wagtail_feathers.classifier",
    "pk": 21,
    "fields": {
      "group": 5,
      "name": "Professionals",
      "slug": "professionals",
      "sort_order": 2
    }
  },
  {
    "model": "wagtail_feathers.classifier",
    "pk": 22,
    "fields": {
      "group": 5,
      "name": "Researchers",
      "slug": "researchers",
      "sort_order": 3
    }
  },
  {
    "model": "wagtail_feathers.classifier",
    "pk": 23,
    "fields": {
      "group": 5,
      "name": "Educators",
      "slug": "educators",
      "sort_order": 4
    }
  },
  {
    "model": "wagtail_feathers.classifier",
    "pk": 24,
    "fields": {
      "group": 5,
      "name": "General Public",
      "slug": "general-public",
      "sort_order": 5
    }
  }
]